ref_id	ref_sent	ref_len	czeng_s
0	I am at your service.	5	4.316
1	You people think of everything.	5	0.868
2	Not even my father dares.	5	0.58
3	My duty is to heal.	5	1.143
4	There's nothing without a woman.	5	0.621
5	This is highly irregular procedure!	5	0.985
6	It didn't mean anything, okay?	5	0.511
7	He's getting out of hand	5	0.104
8	She's having a baby, okay?	5	0.478
9	The greatest of all things.	5	0.134
10	And when she looked behind her, I'd always be there	10	0.242
11	I think thought, mathematical thought, can exist completely without words.	10	0.47
12	If I didn't come with you,none of this would've happened.	10	0.769
13	4.7 Public understanding, involvement and acceptance – information and transparency.	10	1.45
14	"I ""went out for ice cream"" once with your dad."	10	1.381
15	I think your two best friends are a little chatty.	10	3.308
16	She hid his football, so he snatched her favorite hat.	10	3.031
17	"But you find the doc and he'll fix you up."""	10	1.645
18	Didn't you tell my brother that he was expected here?	10	2.619
19	A couple of old friends got into town, from Stockholm.	10	1.358
20	It will give priority to initiatives that will help achieve the MDGs and increase the availability of global public goods.	20	2.311
21	'Cause I'm one funny man I bring the comedy I am the one you go to, to get cheered up	20	1.952
22	We've just learned that the letter we believed to be from the Caveman... ...is, in fact, a very clever forgery.	20	1.419
23	They should widely publicise, when duly validated, data and findings on their biological effects, be they positive, negative or null.	20	0.719
24	If my son should come back and your father isn't here... ...it might be betterif you didn't let him in.	20	0.482
25	(46) The applicant argued that the model sold in the analogue country had higher specifications which affected the price comparability.	20	0.854
26	DOB: 1952 Former Minister of Justice (2009-2013), former Isfahan governor-general and director of the State Prisons Organisation (until June 2004).	20	1.727
27	The recommended starting dose is 60 mg three times daily before meals, particularly in patients who are near goal HbA1c.	20	0.915
28	Objectives Maximum aid intensity in % or Maximum aid amount in national currency SME-bonuses in % Specific training (Art. 38(1))	20	1.39
29	But the [mighty] blast did seize the wrong- doers, and they lay prostrate in their homes by the morning,- 95.	20	0.623
30	Reservations contained in the declarations of the Directors-General In their declarations attached to the annual activity reports, the Directors-General state that the internal controls carried out in their departments offer reasonable assurance that the underlying transactions are legal and regular.	40	1.996
31	Fain would the powers from outside bring chaos and horror to you, Randolph Carter, who are the cause of their upsetting, but that they know it is by you alone that the gods may be sent back to their world.	40	2.026
32	Competition Ensure further alignment of primary and secondary legislation so as to allow effective anti-trust and State aid control with binding decisions applicable to all economic sectors and, as regards State aid, for both aid schemes and individual aid measures.	40	2.09
33	“Microorganisms” (1 2) means bacteria, viruses, mycoplasms, rickettsiae, chlamydiae or fungi, whether natural, enhanced or modified, either in the form of “isolated live cultures” or as material including living material which has been deliberately inoculated or contaminated with such cultures.	40	1.009
34	104 It must therefore be concluded that the fact that the purpose of the questionnaire making up Annex I to the contested decision is to secure fresh information or more detailed information is proof that the information requested is necessary.	40	2.732
35	It is necessary in the context of a process which was initiated in 1995 to make further progress in the actual establishment of the Natura 2000 network, which is an essential element of the protection of biodiversity in the Community.	40	3.272
36	All other information relevant for the selection of the sample as referred to in 5.1(a)(iv) must reach the Commission within a period of 21 days of the publication of this notice in the Official Journal of the European Union .	40	2.696
37	79), that latter being subject to different rules from those which frame judicial cooperation in administrative and fiscal matters, the procedure before the tax authorities or the subsequent notification of decisions are governed by the laws of the Member States.	40	0.35
38	In the first place, as the selectivity criterion was based on a comparison between two groups of firms (those given the advantage and those not given the advantage), it could only be applied after defining a level of ‘normal’ taxation.	40	1.713
39	This Protocol shall enter into force for the Contracting Parties which have expressed their agreement to be bound by the said Protocol three months after the date on which three States have deposited their instrument of ratification, acceptance or approval.	40	0.775
40	I've known Miguel since childhood.	5	0.264
41	I'm in a giving mood.	5	1.058
42	Exacerbation of pre- existing diabetes	5	3.742
43	Nobody asked you to chaperone.	5	3.861
44	So, everything to your daughter.	5	5.149
45	"Experiments on plant hybrids... """	5	2.646
46	It made for unpleasant reading.	5	2.872
47	Czech civic parties at crossroads	5	5.346
48	We're technically still on lockdown.	5	1.154
49	Scotch and plain water, please.	5	1.597
50	Some sort of tracking system.	5	1.694
51	(e) articles of heading 4202;	5	0.099
52	I'm not having gay thoughts.	5	1.486
53	I heard the whole story.	5	0.282
54	"""Sailing on the wide accountancy"""	5	3.322
55	The phone lines went dead.	5	4.14
56	I've tried to give pleasure.	5	2.421
57	Starting today, and for ever.	5	2.169
58	I can't talk to you.	5	0.767
59	You weigh a million pounds.	5	0.281
60	Came in over the scanner.	5	2.577
61	-Hasn't changed in five minutes.	5	2.177
62	So you won't marry again?	5	1.539
63	Tragic irony or poetic justice?	5	1.691
64	Ann rose from her chair.	5	5.463
65	Does the statute of limitations on my father's threat expire?	10	2.494
66	I think that is quite enough pictures of the cheerleaders.	10	1.452
67	Yeah, then we'll finally have closure, no thanks to you.	10	1.631
68	He has problems because he has a father like me.	10	1.148
69	Okay, $55 million depends on getting signatures, so let's go.	10	4.041
70	And has Lord Flintshire's order been acted on? It has.	10	2.832
71	Can't even walk, but likes to play with a knife.	10	3.385
72	How long will it take to get to the moon?	10	1.268
73	How about I bring my laptop, speakers, add a drumbeat?	10	1.251
74	May I congratulate you, sir, on your elevation to Cardinal?	10	0.738
75	Always take Lansoprazol-CT exactly as your doctor has told you.	10	2.388
76	Well, at least he'd taken care of his primary function.	10	1.841
77	Specific impacts of possible new actions or measures 7.2.1 .	10	0.573
78	(d) any specific conditions relating to points (a) to (c).	10	0.247
79	He is also my son, and I am half human.	10	1.156
80	One liar down, six and a half billion to go.	10	0.923
81	You may not be able to trust him not anymore	10	2.725
82	It was right there on the tip of my tongue.	10	1.461
83	Looks like it's finally time for Kal-El to go home.	10	0.796
84	I'm a brother to you, I know how you feel.	10	0.418
85	Big picture of him here as a handsome young spunker.	10	3.677
86	Effect of idelalisib on the pharmacokinetics of other medicinal products	10	0.653
87	Madison's right... we're looking at some serious jail time, Mike.	10	1.998
88	No, they also say it can be used for drivers.	10	1.685
89	Stocrin can reduce the amount of statins in your blood.	10	0.224
90	We're going to go to different countries and eat strange foods just like all those dorky TV channels you watch.	20	2.391
91	Uh-uh. The reason I ask is, Mr. Ashbaugh seemed to trust you with the witnessing of such an important document.	20	1.333
92	As she had feared, and expected, the Assembly had voted to accept the cessation of hostilities brokered by the Cogitors.	20	1.095
93	By-catches Authorised Not authorised 3 % of the total for the authorised target species or group of species (live weight)	20	0.532
94	The wolves clustered around the base of the tree looked up with interest at their next meal talking to himself.	20	1.803
95	We don't have confirmation, but there's a good chance Perez is hiding out in a private club in Lukenwalde, Germany.	20	1.57
96	Gentle saw the tears shining in the mystif's eyes and felt its suffering like a hammer pounding at his heart.	20	1.215
97	Paediatric population The safety and efficacy of Iclusig in patients less than 18 years of age have not been established.	20	0.321
98	In these patients the recommended dose is 5 mg taken once a day at approximately the same time of day.	20	0.934
99	"""Speaking of that,"" Aahz called, ""I'm still waiting to hear how you're going to get me out of this thing."	20	0.546
100	They probably would have loved my pizza, too, but we'll never know, because my partner threw it in the garbage.	20	0.808
101	CHAPTER IV INSPECTION AND SURVEILLANCE AT SEA SECTION 1 General provisions Article 39 General rules for inspection and surveillance 1.	20	0.444
102	Similar instruments would also need to be developed to monitor the implicit liabilities of pension schemes operating at national level.	20	0.658
103	Subject: Introduction of bilingualism in the Resia, Torre and Natisone Valleys in Udine Answer from the Commission (17 February 2009)	20	0.361
104	When my superiors questioned me about my disappearance, they exhibited a degree of suspicion and intolerance bordering on the paranoid.	20	0.689
105	The current legislation in place for recording equipment is Council Regulation (EEC) No 3821/85 on recording equipment in road transport[2].	20	0.572
106	He looked just as he had that last day at the citadel, when they had kissed for the last time.	20	0.912
107	Look, next time, just let me know what you're doing first so I can at least prepare for the fallout.	20	0.928
108	Oh no, you don't say so! - I?s true, otherwise I wouldn't be telling you, if it were not true!	20	2.475
109	It explains how the Agency assessed the medicine to recommend its authorisation in the EU and its conditions of use.	20	0.077
110	San Cristóbal está... Se va usted por aquí, da la vuelta, sube y un poco más adelante está San Cristóbal.	20	5.566
111	Our marriage works because I decided several years ago to accept certain things about you, and I've dealt with it.	20	1.332
112	(k) lamps or lighting fittings of heading 9405; (l) brushes of a kind used as parts of vehicles (heading 9603).	20	0.877
113	(b) provisions regarding the quality of raw materials; (c) hygiene requirements; (d) permitted changes within the meaning of Article 3(2);	20	1.679
114	Deckhands cast off the boat's mooring warps, and vibration in the deck betokened the operation of a small auxiliary engine.	20	2.662
115	The term encompasses activities such as monitoring of the present legal environment, of the progress of drafting of laws, regulations and decrees by the executive and their later discussion in the Chamber of Deputies and Senate of the Czech Parliament.	40	2.357
116	P. whereas the EU should actively defend its industries, whenever necessary, against violations of agreed rules, WTO standards and principles by its trading partners, using all available means, including multilateral and bilateral dispute settlement mechanisms and WTO-compatible trade defence instruments;	40	0.578
117	"It was easier with a John Williams movie score, where the music so perfectly accompanied the action, but Bach hadn't known about moving pictures, and so he must have been ""talking about"" things that his original audiences would have recognized."	40	1.816
118	All of the currently known directives in the field of consumer protection, as transposed into national law by the Member States, would therefore be made more effective by the recognition of collective actions in the fields covered by these directives.	40	1.671
119	There's fried chicken with all the fixings, and veggie lasagna for all you poor non- meat eaters, and, Arash, honey, I didn't know what you are, so I made you some enchiladas and some Pad Thai and some Baba Ghanoush.	40	1.559
120	of which the sole activity consists of refining imported raw cane sugar, or which refined in the marketing year 2004/2005 or, in the case of Croatia, 2007/2008 a quantity of at least 15 000 tonnes of imported raw cane sugar.	40	0.859
121	The Member States concerned shall cooperate with the European Coordinator and give the Coordinator the information required in order to perform the tasks prescribed in this Article, including information on the development of corridors in any relevant national infrastructure plans.	40	0.952
122	Of course, technically he'd been beyond his law since leaving Anhk-Morpork, but laws were where you could make it stick and these days a City Watch badge would at least earn respect, if not actual cooperation, everywhere on the plains.	40	2.504
123	The Commission also published a notice regarding the notification in the Official Journal of the European Union ( 2 ) in order to inform other interested parties of Austria’s national provisions, as well as the grounds invoked to that effect.	40	0.454
124	Within his gelcircuitry brain, Seurat encountered a thought that was not his own: an Omnius implant, one of thousands in the independent robot's subset of databases that guided him along the proper paths, as constructed for him by the evermind.	40	1.341
125	This includes the drugs action plan, the strategy covering the external aspects of the area of freedom, security and justice, and the action plan to fight against terrorism, which supplement the Hague Action Plan, in accordance with the set timetable.	40	1.206
126	The manufacturer may apply for an EU type-approval in respect of a type of system, component or separate technical unit that incorporates new technologies or concepts which are incompatible with one or more acts or requirements listed in Annex I.	40	3.703
127	In order to achieve the objectives referred to in paragraph 1 and without prejudice to the responsibilities of the Member States with regard to national routes and airspace structures, the Commission shall ensure that the following functions are carried out:	40	0.478
128	Two of the most extreme cases (but not the only ones) are Argentina and Venezuela, countries that have benefited from high prices for their exports but have managed to miss the highway to prosperity by turning onto a dead-end street.	40	1.142
129	The European Data Protection Supervisor was consulted in accordance with Article 28(2) of Regulation (EC) No 45/2001 of the European Parliament and of the Council ( 12 ) and delivered an opinion on 23 April 2012 ( 13 ) .	40	0.151
130	Your senseless peccadilloes, such as your refusal to use a noiseless typewriter, are a confounded nuisance, but this idiotic accusation that you lied in that report to Mr. Pine has put me in a different frame of mind about it.	40	1.555
131	Their trade effects will be moderate because, although immediate economic effects are to be expected, alternative exchange mechanisms can be found in the medium term and at the end no shortage in supplies is to be expected within the EU.	40	1.417
132	C_2014159EN.01002901.xml EN Official Journal of the European Union C 159/29 Appeal brought on 21 February 2014 by Catherine Teughels against the judgment of the Civil Service Tribunal of 11 December 2013 in Case F-117/11 Teughels v Commission (Case T-131/14 P)	40	0.193
133	As further evidence, during the public consultation prior to the recast of the Directive, issues relating to the security and protection of personal data have sometimes been raised by stakeholders, particularly IT and electronic communications companies ( 16 ) .	40	1.014
134	Domestic sales of a particular type were considered sufficiently representative when the total domestic sales volume of that type during the IP represented 5 % or more of the total sales volume of the comparable type exported to the Community.	40	0.53
135	Given that such method of comparison is an exception to the two first methods provided for in Article 2(11) of the basic Regulation, the Commission carefully checked whether the conditions to resort to it were clearly met in this case.	40	0.901
136	Efficient funding and evaluation Examine funding mechanisms and evaluation systems, with a view to improving quality, including targeted support to disadvantaged citizens and the development of efficient and equitable tools aimed at mobilising private investment in post-secondary education and training.	40	0.695
137	This will be enhanced by stimulating intersectoral experiences through active participation of industry, in all the actions and by putting in place the dedicated scheme for knowledge sharing in partnerships between the public and private sector, including in particular SMEs.	40	1.22
138	Personal notification is not the only means of informing those concerned, but it must at least be attempted first, and there is nobody better placed to do so than the person in possession of the relevant records of aid granted.	40	3.832
139	The derogation will only have a negligible effect on the overall amount of tax collected at the stage of final consumption and will not have an adverse effect on the Union's own resources accruing from VAT, HAS ADOPTED THIS DECISION:	40	0.425
140	And I really wanted to...	5	1.493
141	"""Hey, nice shade of flugu."""	5	1.132
142	She won't talk to me.	5	0.627
143	We're a friggin' sitting duck.	5	2.379
144	Back away from the table.	5	0.634
145	She was a good daughter-in-law.	5	0.495
146	She took my gold card.	5	0.594
147	Tyler, two shots of bourbon.	5	0.428
148	The ice cream is melting.	5	0.75
149	A dawn-of-time kind of dude.	5	3.585
150	She called from the hospital.	5	0.352
151	These discounts are listed below:	5	0.73
152	His eyes look strangely Nipponese.	5	2.182
153	You didn't talk to anyone.	5	0.672
154	I thought maybe your name.	5	2.243
155	Nobody touches this boy anymore!	5	1.48
156	'Say between nine and ten.'	5	0.547
157	The one born of wolves.	5	0.555
158	Let me check once again.	5	2.218
159	Any side effects or anything?.	5	2.159
160	Has he gone completely mad?	5	1.495
161	Hey, whatcha in for, sweetheart?	5	1.881
162	I lost my fucking job.	5	0.917
163	I took this by mistake.	5	1.17
164	The hatches leak like crazy.	5	3.443
165	You remember last Tuesday night?	5	0.861
166	So...You're in an open relationship?	5	2.098
167	I was kind of tired.	5	1.416
168	“One point five, aye, aye.”	5	1.796
169	Not on a four-hour layover.	5	1.481
170	Ladies and gentlemen, young people.	5	0.275
171	You talked to the superintendent?	5	2.073
172	You three need new gigs.	5	1.995
173	I've never seen her frightened.	5	0.952
174	Well, here's to true love.	5	0.901
175	I tried to keep up.	5	1.521
176	I forgot to say please.	5	1.404
177	What'd you guys fight about?	5	1.121
178	Revenge for some past operation?	5	2.014
179	You're confusing humility, with humiliation.	5	0.946
180	You can't live without principles.	5	0.494
181	No explosives, no foreign objects.	5	0.222
182	My cowboy days are over.	5	4.012
183	That's your basic egg sac.	5	2.965
184	You work... for my mother	5	1.235
185	No one seems very interested.	5	1.264
186	You don't even love yourself.	5	1.649
187	Cachat listened to the delegation.	5	2.806
188	The escape device is ready	5	5.105
189	He's about to find out.	5	1.58
190	Those cuts on your arm?	5	1.012
191	Exporting selected audio as %s	5	3.386
192	We're a legitimate cleaning service.	5	1.362
193	for the financial year 2011	5	0.564
194	Take care of that cut.	5	3.373
195	She never saw it coming.	5	1.764
196	Are you sorry, at least?	5	1.048
197	It's written in the ledger.	5	1.234
198	Shows some raw talent, son.	5	2.598
199	You can't police our lives.	5	1.303
200	I'm reading 30 humanoid inhabitants.	5	1.481
201	There's no point in arguing.	5	2.21
202	You mean 'n hobby oderwas?	5	5.367
203	(see para. 22, operative part)	5	0.183
204	Only moments count in life.	5	2.107
205	We got you a lovelyparting gift for your first mission.	10	2.678
206	One doesn't detect the tiniest trace of jealousy, does one?	10	2.683
207	The men had been quieter than usual during the game.	10	1.699
208	"""Do you want me to lift the cover?"" she asked."	10	0.552
209	I heard Finch's mom doesn't even know where he is.	10	0.32
210	Her arrival had forced soldiers to scatter, if only momentarily.	10	2.837
211	And it's perfect timing. It's mine and Jake's three-month anniversary.	10	0.828
212	Ithink you're goingto turn out to be a grade-A baby-sitter.	10	2.16
213	Are you the woman who called me on the phone?	10	1.361
214	The Sith was the best fighter Darsha had ever seen.	10	0.256
215	In reference to-- ...in reference to the disappointment I feel--	10	2.918
216	Could knowing the truth about Death lead to our ruin?	10	5.755
217	But it was still the best time of my life.	10	1.902
218	be established as well as a reserve list (if applicable).	10	1.895
219	In addition the instructions for use were missing or incomplete.	10	1.043
220	"""Enki must have been responsible for that one,"" Hiro says."	10	1.143
221	Well, I know that you can't open a childproof drawer.	10	1.29
222	I believed, like everybody else, the Aschen were our saviours.	10	0.595
223	It was possible to lift the rings off the spikes.	10	2.689
224	I thought I saw someone in the bedroom and outside.	10	0.526
225	"""No,"" Jim denied, ""he's in the infirmary now, just wounded."	10	1.395
226	(Jethro) Are you missing the concrete beneath your feet, bro?	10	2.549
227	Two or Three more things and we're in great shape.	10	2.209
228	No one shall be held in slavery or ser vitude.	10	2.822
229	He barely mumbled something that might have been a greeting.	10	1.764
230	I didn’t want to get into the whole novel-length version.	10	2.26
231	The next morning Morrison and Dezhnev returned to the Grotto.	10	0.278
232	Dry flaky skin was observed in toxicity studies in rats.	10	1.576
233	Some strange men have been following me since last night.	10	1.065
234	These excursions at the same time afforded opportunities for hunting.	10	1.669
235	Eli checked himself into a rehabilitation hospital in North Dakota.	10	1.074
236	That takes a crystal ball, Doug, not an eight ball.	10	1.968
237	I told her I was proud to work for them.	10	0.584
238	"""Everything could be over two hours from now,"" Ramirez said."	10	0.939
239	The financial difficulties of SAS apparently became unsustainable in 2012.	10	0.606
240	You're cut off from life, and we want to help.	10	3.337
241	We're waiting for Jim to get back from the clinic.	10	0.388
242	You think I can't get a girl on my own.	10	3.279
243	I... didn't mean to interfere between you and your girlfriend	10	1.696
244	He's been meeting recruits in coffee shops all over town.	10	2.058
245	Lopinavir/ritonavir/Tenofovir disoproxil fumarate (400 mg b.i.d./100 mg b.i.d./300 mg q.d.)	10	0.51
246	OFFICER: Keep your eyes wide, this place is assholed up.	10	3.208
247	Remember I told you someone made out with Ralph Lauren?	10	2.939
248	Tom made a noise of disgust and left the room.	10	1.168
249	We were sailing north, not northwest when they seized control.	10	1.806
250	3 Click Rename, enter a new name, and click OK.	10	0.207
251	All right now, you listen to me, both of ya!	10	1.89
252	Nice practice. Excuse me, K.C. Do you give private lessons?	10	1.831
253	At least we stopped you from getting the pension fund.	10	2.187
254	History will judge who the true patriots were here today.	10	1.987
255	Henry told me how to take it out of autopilot.	10	0.994
256	Because this woman right here - is my secret weapon.	10	1.763
257	six five -Son of a bitch! four three two one	10	4.91
258	Well, in that case. Where's the man of the house?	10	3.543
259	Those contracts were concluded for a period of eight years.	10	0.695
260	Did you really think I wouldn't know my mother's voice?	10	0.376
261	Tell me, Galead, do you desire me for an enemy?'	10	0.955
262	The crazy, impulsive vampire, in love with his brother's girl.	10	0.708
263	Doesn't she have her hands full with this plane crash?	10	1.192
264	We both had the professor for Ethics and Morality. Yeah?	10	1.597
265	Material damage resulting from the machine tipping over and falling.	10	1.407
266	She told me that the drugs had never helped her.	10	1.365
267	I wish I could reward Gleb with better than silver.	10	2.287
268	I came to tell you you have to leave Anatevka.	10	0.454
269	I'll have Janine make a reservation somewhere nice, like the...	10	1.129
270	We don't want money, just a little time... ...a look at a book or two, a study of your maps.	20	1.281
271	We couldn't ask file Judge for a continuance because the client had been waiting four years for a trial date.	20	1.729
272	In any case, certain core provisions of this Directive should always be applicable irrespective of the status of the user.	20	0.86
273	The “loser pays” principle, which prevails in the EU Member States, plays an important function in filtering out unmeritorious cases.	20	2.954
274	The Committee believes that work should start on shaping a space that will embody this new era of participatory democracy.	20	2.415
275	It's a strange feeling when everyone's stuck in hell and you're not. - I might be sterile? - Oh, honey.	20	3.731
276	Consequently, the conformity of the risk margins can be assessed only on the basis of the situation at that time.	20	1.494
277	In addition, the Court has interpreted the general principle of ne bis in idem in other areas of Community law.	20	0.432
278	The speed of the glaciers affects our sea levels because when they reach the water, they break apart into icebergs.	20	0.847
279	EPA and the European Commission will consider separating these into a separate category in a future version of the specification.	20	3.851
280	My arms got the McTwitches going in here from all of the sugar that's going in my body right now.	20	2.578
281	Olanzapine is effective in maintaining the clinical improvement during continuation therapy in patients who have shown an initial treatment response.	20	0.103
282	This is the story of a young girl Who is enjoying her first taste Of the spoils of dirty oil.	20	0.903
283	There are little bubbles of old time in London, where thing and places stay the same, like bubbles in amber.	20	1.775
284	Treatment with Regranex should be started and monitored by a doctor who has experience in the management of diabetic wounds.	20	0.763
285	A more detailed assessment can be found in the Commission Staff Working Document on Belgium published together with this Communication.	20	0.337
286	Guests will appreciate hotel's close distance to Prague's main boulevard, the Wenceslas Square (400m) and The Old Town Square (600m).	20	1.272
287	Everyone from here to the Glass Nebula knows that robots have done all the mining for the last thousand years.	20	1.032
288	Now, as you know, to make crops grow faster and fatter you need more improved and powerful fertilisers-pesticides as well.	20	1.344
289	His strange yellow eyes gave some proof to his claim that they were not the same as other blood drinkers.	20	1.435
290	The risks from the macroeconomic scenario are broadly neutral, while tax projections seem on the whole based on prudent assumptions.	20	0.862
291	Now that she'd just found him, Jihan had added throatily, she could not bear it if he chose to die.	20	1.645
292	Part one... we choose two hundred biologically viable surrogates from the thousands of women who meet the agreed-upon medical criteria.	20	2.246
293	Of those, 6 have since submitted applications for EU funding under the Prevention of and Fight against Crime (ISEC) programme.	20	0.952
294	Did you ever see him meeting somebody you didn't recognize, or carrying something out of the embassy he shouldn't have?	20	1.369
295	Transfer quantitatively to a 50 ml graduated flask and make up to the mark with citrate buffer (3.24) and mix.	20	0.291
296	Did you know that your boat owners frank and dina mckelson Sold a house in hawaii about 8 months ago?	20	0.949
297	I put up a thorn fence to hold in my youth. But it slipped away, leaving me with grey hair.	20	1.884
298	In 2005 and 2006, Colours of Ostrava scooped up the Czech Angel (Anděl) award for Music event of the year.	20	0.689
299	The amounts of the contributions shall remain in those special accounts until the payments of EDF need to be made.	20	1.08
300	Action brought on 27 October 2008 — Commission of the European Communities v Kingdom of Spain 2008/C 327/34 Case C-464/08:	20	0.109
301	Under these circumstances, a reliable individual dumping margin cannot be established and recourse has to be made to facts available.	20	0.815
302	These changes were not of a nature to change the conclusion with regard to the situation of the Union industry.	20	0.663
303	When all this is over, I promise, I'm finally going to be the mother you always wanted me to be.	20	0.559
304	A performance contract covering the period from 2008-2012 was concluded between the French State and RFF on 3 November 2008.	20	0.738
305	Treatment should only occur under specialist supervision and subject to frequent close monitoring of renal function, electrolytes and blood pressure.	20	0.373
306	23 It is common ground that in the present case the source of the nuclear energy is of military origin.	20	0.748
307	With just those few freckles across the bridge of her nose, and eyes somewhere between dark amber and French coffee.	20	2.787
308	Adds a field for displaying text labels. These labels are only for displaying predefined text, and not for entering text.	20	2.078
309	That would have been the case if the General Court had stayed the proceedings without first having heard the parties.	20	0.757
310	The reform needs to be completed by adopting pending implementing legislation and its concrete operationalisation on the ground, carefully monitored.	20	2.048
311	Directive 91/440 initiated the liberalisation of rail transport by introducing a right of access to railway infrastructure for transport undertakings.	20	0.528
312	This money is for the year's assessment... on the St. Helen of the Blessed Shroud Orphanage in Calumet City, illinois.	20	1.234
313	Maybe it's heartburn, maybe it's an ulcer, all I know is I have something in my stomach and it hurts.	20	0.95
314	The registered designation of origin ‘Fourme d'Ambert’ may not be used for the cheese until the 28th day after renneting.	20	1.01
315	It covers the whole value chain for the products sold in retail stores, as described in the following input/output scheme.	20	0.671
316	Off balance sheet exposures subject to credit risk Off-balance sheet positions comprise those items listed in Annex I of CRR.	20	0.336
317	( 21 ) At the time, the City was faced with an average annual loss of EUR 1 850 000.	20	0.521
318	The third question, concerning the procedural rules for subsequent transmission of the document to be served, remains to be answered.	20	1.118
319	Member States that currently have a relatively high per capita GDP should reduce their greenhouse gas emissions compared to 2005.	20	0.292
320	He was someone more normal-looking than he had been when she saw him briefly on the screen back on Betazed.	20	2.219
321	Fidalgo Sánchez (Gijón, 1986) claims that ‘Casín’ cheese is the cheese most representative of the central southern region of Asturias.	20	1.209
322	After that period, the vessel shall no longer be permitted to fish in the Union of the Comoros's fishing zone.	20	0.407
323	Other, with recording device This subheading includes light-beam and UV-beam oscillographs for measuring and recording rapid variations of electrical quantities.	20	0.537
324	The Common Custom Tariff duty applicable to the quota provided for in paragraph 1 shall be 20 % ad valorem.	20	0.661
325	Well, after three days on a juice fast, we're all gonna lose weight, and all for 120 bucks a night.	20	1.917
326	Commander Sheridan, this is G'Kar of the Narn Regime which has agreed to sell us weapons to equalize the battle.	20	4.868
327	The numeric destination codes are set out in Regulation (EC) No 2081/2003 ( OJ L 313, 28.11.2003, p. 11 ).	20	0.148
328	And he must forge an alliance with Greece’s pro-European parties, because only a united government will be able to deliver.	20	1.199
329	There's three or four Arriving at the courthouse now is Kathryn Murphy, the deputy district attorney in this precedent-setting case.	20	1.589
330	"""We two now express grateful and respectful honors for your hospitality, ""Ro-kenn said in a very prim, grammatically perfect GalSixish."	20	1.616
331	You, meanwhile, safe behind your bars will have the beast at your mercy, and will shoot him at your leisure.	20	2.694
332	It is considered that the number of referrals is likely to be in the range 10 to 30 per year.	20	1.877
333	SOLEMN DECLARATION I, the undersigned, hereby solemnly declare that the information contained in this application for legal aid is correct:	20	1.241
334	The superseded standard therefore consists of EN CCCCC:YYYY and its previous amendments, if any, but without the new quoted amendment.	20	0.128
335	Diplomatic missions and consular services of the Member States shall take a decision upon the request to issue a visa within 10 calendar days starting from the date of the receipt of the application and documents required for issuing visas.	40	0.878
336	b) an official inspection has been carried out in the field of production during the growing season and no symptoms of the specified organism have been detected in the specified fruit since the beginning of the last cycle of vegetation;	40	0.895
337	The measures necessary for the implementation of Directive 94/19/EC should be adopted in accordance with Council Decision 1999/468/EC of 28 June 1999 laying down the procedures for the exercise of implementing powers conferred on the Commission ( 4 ) .	40	0.13
338	The Commission considered as sufficient and adequate to avoid distortions of competition resulting from the State aid granted to Parex banka the commitments to sell Citadele within that timeframe, combined with downsizing and reduction of the market presence of Citadele.	40	1.247
339	Community trade mark — Opposition proceedings — Application for Community figurative mark eventer EVENT MANAGEMENT SYSTEMS — Earlier national word mark Event — Relative ground for refusal — Likelihood of confusion — Article 8(1)(b) of Regulation (EC) No 207/2009 1.	40	0.121
340	The equalization reserve shall be calculated in accordance with the rules laid down by the home Member State in accordance with one of the four methods set out in point D of the Annex, which shall be regarded as equivalent.	40	2.681
341	This Regulation should also be without prejudice to other legislation of the Union concerning specific financial instruments such as Directive 2003/87/EC of the European Parliament and of the Council ( 6 ) and measures adopted in accordance with that Directive.	40	0.342
342	The average consumer will therefore immediately and without further thought make a connection between the sign in question and the characteristics of the goods in respect of which the mark has been registered, all of which renders the sign descriptive.	40	0.828
343	It wasn't like Stellingetti to evade responsibility, but if the Committee of Public Safety was going to saddle her with its damned spy, the son-of-a-bitch could at least make himself useful by telling her how to clean this mess up!	40	1.69
344	My brother Jean- Robert works with the City Sewage... he took the police exam with me, but failed... even though he copied everything off me! but he messed up the order of the answers, so he got it all wrong!	40	2.993
345	In vivo, in separate experiments using murine models of CML, dasatinib prevented the progression of chronic CML to blast phase and prolonged the survival of mice bearing patient-derived CML cell lines grown at various sites, including the central nervous system.	40	0.355
346	From at least 2005 to 2008, Nasiruddin Haqqani collected funds for the Haqqani Network through various fundraising trips, including during regular travel to the United Arab Emirates in 2007 and through a fundraising trip to another Gulf state in 2008.	40	0.582
347	An application to suspend the operation of any measure adopted by an institution, made pursuant to Article 278 TFEU or Article 157 TEAEC, shall be admissible only if the applicant has challenged that measure in an action before the Court.	40	0.788
348	The new shipyard was taken over by the State-owned Agencja Rozwoju Przemysłu SA (Industrial Development Agency SA, hereinafter ARP) and the State Treasury with a view to completing current production and resuming shipbuilding activities while carrying out the necessary restructuring.	40	0.861
349	As already mentioned in the decision to open the formal investigation procedure, under the 1994 R&D Guidelines, and accordingly under the provisions of the aid scheme Industrial R&D Programmes, there was no written obligation to disseminate the results of research.	40	0.549
350	27 It is therefore necessary to examine whether national legislation, such as that at issue in the main proceedings, affects the powers that the NRA concerned derives from the abovementioned provisions of the Framework Directive and the Universal Service Directive.	40	0.366
351	.2 The ability of the machinery to reverse the direction of thrust of the propeller in sufficient time, and so to bring the ship to rest within a reasonable distance from maximum ahead service speed, shall be demonstrated and recorded.	40	0.979
352	However, there must be a logical link between regulation of UTPs and revised monopolies legislation to make sure that it is only the logical initiators of contracts with UTPs – i.e., parties with the dominant position – that are sanctioned.	40	1.78
353	This central contact point should also be responsible for checking the Commission's work programme and impact assessment programme to see whether any territorial impact assessments are necessary, and, if so, to launch such assessments (in cooperation with the DG responsible);	40	2.465
354	The quantification is based on the assumption that, whenever the estimated amount at risk is below the 5 % payment retention in place for any operational programme, the controls in place for the OP closure would appropriately mitigate the risk.	40	0.953
355	He was simply a youth tremendously excited with life, and though he was a con-man, he was only conning because he wanted so much to live and to get involved with people who would otherwise pay no attention to him.	40	2.454
356	According to this Communication, the aid elements related to the guarantee would be equal to the difference between the remuneration rate on the guarantee and a reference rate defined as the interbank market reference rate (IBOR) plus 75 basis points.	40	0.888
357	On 8 June 2015, the Council adopted Decision (CFSP) 2015/883 ( 2 ) extending the European Union mission to provide advice and assistance for security reform in the Democratic Republic of the Congo (‘EUSEC RD Congo’) until 30 June 2016.	40	0.42
358	A mission carried out in Portugal by the Food and Veterinary Office (FVO) in June 1999 concluded that the recall of those existing stocks was completed and that the controls on the effectiveness of the feed ban were applied properly.	40	0.819
359	The Commission shall, within six months of the date on which this Decision takes effect, publish in the Official Journal of the European Communities , a list of all committees which assist the Commission in the exercise of implementing powers.	40	0.619
360	For the purpose of a fair comparison between the normal value and export price, due allowance, in the form of adjustments, was made for differences which affect prices and price comparability in accordance with Article 2(10) of the basic Regulation.	40	0.495
361	The Contracting Parties shall cooperate in the framework of the Joint Committee under Article 22 (The Joint Committee) to facilitate the exchange of statistical information between them for the purpose of monitoring the development of air services under this Agreement.	40	0.402
362	The attempt to preserve her identity in machine storage did not fail for the reasons that had terminated the earlier trials, with the other members of her tribe: poor match of chemistry to receptors; incomplete transfer of information; wrong coding.	40	1.766
363	(See images) ( 1 ) Classification is determined by general rules 1 and 6 for the interpretation of the Combined Nomenclature, Note 7(f) to Section XI and by the wording of CN codes 6307, 6307 90 and 6307 90 98.	40	0.719
364	The man who had left the hotel in Paris with Suleiman joined them from the house, followed by the driver of the bakery van and a third armed manan Uzbek from the look of his face and Central Asian cap.	40	2.213
365	* Every time I try to tell you how I feel in my heart, * * my nerve begins to unravel and the words fall apart, * * let my love light shine from the prism of my eyes *	40	2.309
366	142 Therefore the Commission was right to find that the disclosure of such information on the cost components of Caremar’s operating accounts could damage its commercial interests and would be contrary to Article 4(2), first indent, of Regulation No 1049/2001.	40	0.783
367	At the same time, the Union’s ability to act effectively supports the parallel process of working towards a constitutional and institutional settlement — a settlement that would in turn bring about a more efficient and democratic Europe for the future.	40	1.805
368	Before placing on the market or putting into service any equipment referred to in Article 12 the manufacturer, or his authorised representative established in the Community, shall subject each type of equipment to one of the following conformity assessment procedures:	40	0.616
369	It is essentially only the employee benefits obligations of the Commission towards its staff which are paid out over a longer period, noting that the funding of the pension payments by the annual budgets is guaranteed by the Member States.	40	1.184
370	Thanks to the favourable conditions in which they grow (soil, precipitation levels and average temperatures), Tettnang hops can reach heights of 8,3 m, unlike hops in other areas (support systems in other growing areas are normally 7-7,5 m in height).	40	1.882
371	Instead, it will require a combination of the CDM, development aid, innovative financing mechanisms (like the EU Global Energy Efficiency and Renewable Energy Fund), targeted loans from international financial institutions and efforts by those developing countries that have the means.	40	1.083
372	Amendment 164 Proposal for a regulation Article 115 – paragraph 1 – point b (b) the functioning of a body which pursues an aim of general European interest or has an objective forming part of a Union policy (operating grants).	40	0.463
373	She must have heard the man rushing past her, his rapid breath when he stopped, then his flapping departure, but her back is still straight in the loose green robe, her head still faces forward at the same upright angle.	40	1.942
374	Furthermore, the sanitary tapware equipped with a sensor shall have an in-built ‘security technical feature’ with a pre-set shut-off time of maximum 2 minutes to prevent an accident or continuous water flow from taps or showers when not in use.	40	2.011
375	In other words, although the determination of the nature and scope of an SGEI mission falls within the competence and discretionary powers of Member States, such competence is neither unlimited nor can it be exercised arbitrarily ( 28 ) .	40	0.754
376	According to the UK authorities, since the decision to generate is motivated by the level of avoidable costs and in view of the fact that nuclear plants have the lowest short run marginal costs, running nuclear plants is economically rational.	40	1.284
377	In order to achieve this, the Commission envisages a series of legislative measures to tie in with the recasting of the first railway package planned for 2008, together with incentives and funding, the latter to be released from existing appropriations.	40	1.688
378	The running of the limitation period is determined in Article 11 of Directive 85/374 on the basis of objectively ascertainable criteria: the period runs from the time when the producer puts the product into circulation, and lasts for 10 years.	40	1.034
379	I saw that under the mask of these half humorous innuendoes, this old seaman, as an insulated Quakerish Nantucketer, was full of his insular prejudices, and rather distrustful of all aliens, unless they hailed from Cape Cod or the Vineyard.	40	1.792
380	The gray around them seemed alive, moving, like fog on the river on a dark night, when the banks vanish and the lights vanish and there is nothing in the world but your boat and the river and the fog.	40	1.023
381	But a lot of people didn't have any kind of reference to make to it because They know about the bands over here but the whole thing, your character, and his running the TV show Do you want a cigarette?	40	1.677
382	( 19 ) In some cases, the amounts indicated in the table do not entirely correspond to the given formula (provable loss in CZK/km multiplied by the number of kilometres does not entirely match the overall provable loss in CZK).	40	0.506
383	With the question it has referred for a preliminary ruling, the national court is seeking to ascertain whether the notion of restriction of competition by object contained in Article 81(1) EC is to be interpreted as covering the processors’ arrangements.	40	1.036
384	And that July 4th, on an East Hampton sand dune... ...Samantha learned that good things do come to those who wait... ...when she and Rikard resumed their date in the land of the free... ...and the home of the hormones.	40	1.461
385	This will also help avoiding the need for sudden, sharp reductions in MTRs in the future and facilitate a swifter transition to the efficient costing methodology set out in the Commission's Recommendation to be applied by the end of 2012.	40	0.806
386	Budget execution has been tightened, a one-time surcharge on the personal income tax has been introduced, increases in the VAT rates of natural gas and electricity have been brought forward from 2012 and sales of concessions will be stepped up.	40	0.736
387	The measures provided for in this Decision are in accordance with the opinion of the Standing Committee on Zootechnics, HAS ADOPTED THIS DECISION: Article 1 The Annex to Decision 84/247/EEC is amended in accordance with the Annex to this Decision.	40	0.226
388	The use of flat rates has been accepted by the Court of Justice as being in conformity with the legal rules governing the conformity work and endorsed, under certain circumstances, by the European Parliament in its 2007 discharge resolution (§83).	40	0.737
389	In accordance with Article 104(12) of the Treaty, a Council Decision on the existence of an excessive deficit is to be abrogated when the excessive deficit in the Member State concerned has, in the view of the Council, been corrected.	40	0.162
390	Bruenor's grim tone brought many of the spokesmen to realize that the threat was simply too grave to be passed off as the deception of a desperate captive, or even as a more insidious plan by Cassius and some conspirators.	40	2.053
391	The request demonstrates that, without the derogation, the ability of the Cape Verdean fish processing industry to continue exporting to the Union would be significantly affected, which might deter further development of the Cape Verdean fleet for small pelagic fishing.	40	0.771
392	Renal impairment Cmax and AUC of rivastigmine were more than twice as high in subjects with moderate renal impairment compared with healthy subjects; however there were no changes in Cmax and AUC of rivastigmine in subjects with severe renal impairment.	40	0.121
393	With several legacy pre-ODF1.2 and ODF1.2-only consumers out there, users wanted a more backward-compatible ODF 1.2 extended mode, that uses stuff deprecated in 1.2, and/or is 'bug-compatible' to older OpenOffice.org versions. Therefore the ODF 1.2 Extended (compat) mode was introduced.	40	n/a
394	An operator shall ensure that propeller driven aeroplanes with a maximum approved passenger seating configuration of 9 or less, and a maximum take-off mass of 5 700 kg or less are operated in accordance with Subpart H (Performance Class B).	40	0.323
395	Furthermore, the system is very sluggish, which means that it often takes decades to implement new technologies; calls for more resources to be devoted to energy technology under the Research, Technology and Demonstration Framework Programme and under Intelligent Energy Europe.	40	1.14
396	Chapter II BUREAU Rule 3 The election of the bureau members shall comply with the principle of observing an overall and geographical balance between the groups, with at least one, and a maximum of three, representatives from each Member State.	40	1.815
397	As maintained in the context of the first part of the third plea in law, however, the General Court confines itself in subsequent examinations of Commission decisions to obvious inconsistencies and does not make its own direct findings of fact.	40	2.683
398	Article 5(4) of Annex XIII to the Staff Regulations concerns temporary servants ‘whose names appear on the list of candidates suitable for transfer from one category to another’ and those ‘on the list of successful candidates of an internal competition’.	40	0.395
399	When do we start? Narrator: As Marvel Studios was unleashing epic adventures onto movie screens around the globe, smaller stories were being developed to expand the universe, giving fans a shot to further connect with some of their favorite characters.	40	2.767
